{
  "epoch": 6,
  "train_loss": 1.532266626950183,
  "train_acc": 0.36968954248366015,
  "val_loss": 1.5385315884484185,
  "val_acc": 0.3611111111111111,
  "lr": 0.0,
  "val_acc_pressure": 0.3903318903318903,
  "val_acc_counter": 0.41993720565149134,
  "val_acc_evasive": 0.2777777777777778,
  "val_acc_bully": 0.35694249649368864,
  "best_val_acc": 0.3611111111111111,
  "dataset_samples": 72000,
  "obs_dim": 80
}